<?xml version="1.0" encoding="UTF-8"?>
<feature
      id="com.something.eclipse.shelled"
      label="ShellEd"
      version="1.0.4"
      provider-name="Chase Technology"
      plugin="com.something.eclipse.shelled">
   <install-handler/>

   <description>
      Shell Script Editor
   </description>

   <copyright>
      (c) Copyright Chase Technology Limited 2004-2006. All rights
reserved.
   </copyright>

   <license url="license.html">
      Chase Technology Ltd Software User Agreement
9th July, 2004
Usage Of Content
CHASE TECHNOLOGY LTD MAKES AVAILABLE SOFTWARE, DOCUMENTATION,
INFORMATION AND/OR OTHER MATERIALS FOR OPEN SOURCE PROJECTS
(COLLECTIVELY &quot;CONTENT&quot;).  USE OF THE CONTENT IS GOVERNED BY
THE TERMS AND CONDITIONS OF THIS AGREEMENT AND/OR THE TERMS AND
CONDITIONS OF LICENSE AGREEMENTS OR NOTICES INDICATED OR REFERENCED
BELOW.  BY USING THE CONTENT, YOU AGREE THAT YOUR USE
OF THE CONTENT IS GOVERNED BY THIS AGREEMENT AND/OR THE TERMS
AND CONDITIONS OF ANY APPLICABLE LICENSE AGREEMENTS OR
NOTICES INDICATED OR REFERENCED BELOW.  IF YOU DO NOT AGREE TO
THE TERMS AND CONDITIONS OF THIS AGREEMENT AND THE TERMS AND
CONDITIONS OF ANY APPLICABLE LICENSE AGREEMENTS OR NOTICES INDICATED
OR REFERENCED BELOW, THEN YOU MAY NOT USE THE CONTENT.
Applicable Licenses 
Unless otherwise indicated, all Content made available by Chase
Technology Ltd is provided to you under the terms and conditions
of the Common Public License Version 1.0
(&quot;CPL&quot;).  A copy of the CPL is provided with this Content and
is also available at http://www.eclipse.org/legal/cpl-v10.html.
For purposes of the CPL, &quot;Program&quot; will mean the Content.
Content includes, but is not limited to, source code, object
code, documentation and other files maintained in the Sourceforge
CVS repository (&quot;Repository&quot;) in CVS
modules (&quot;Modules&quot;) and made available as downloadable archives
(&quot;Downloads&quot;).
Content may be apportioned into plug-ins (&quot;Plug-ins&quot;), plug-in
fragments (&quot;Fragments&quot;), and features (&quot;Features&quot;). A Feature
is a bundle of one or more Plug-ins and/or Fragments and associated
material. Files named &quot;feature.xml&quot; may contain a list of the
names and version numbers of  the Plug-ins and/or Fragments associated
with a Feature.   Plug-ins and Fragments are located in directories
named &quot;plugins&quot; and Features are located in directories named
&quot;features&quot;.
Features may also include other Features (&quot;Included Features&quot;).
Files named &quot;feature.xml&quot; may contain a list of the names and
version numbers of Included Features.
The terms and conditions governing Plug-ins and Fragments should
be contained in files named &quot;about.html&quot; (&quot;Abouts&quot;). The terms
and conditions governing Features and
Included Features should be contained in files named &quot;license.html&quot;
(&quot;Feature Licenses&quot;). Abouts and Feature Licenses may be located
in any directory of a Download or Module
including, but not limited to the following locations:
- The top-level (root) directory
- Plug-in and Fragment directories
- Subdirectories of the directory named &quot;src&quot; of certain Plug-ins
- Feature directories
Note: if a Feature made available by Chase Technology Ltd is
installed using the Eclipse Update Manager, you must agree to
a license (&quot;Feature Update License&quot;) during the
installation process. If the Feature contains Included Features,
the Feature Update License should either provide you with the
terms and conditions governing the Included Features or
inform you where you can locate them. Feature Update Licenses
may be found in the &quot;license&quot; property of files named &quot;feature.properties&quot;.
Such Abouts, Feature Licenses and Feature Update Licenses contain
the terms and conditions (or references to such terms and conditions)
that govern your use of the associated Content in
that directory.
THE ABOUTS, FEATURE LICENSES AND FEATURE UPDATE LICENSES MAY
REFER TO THE CPL OR OTHER LICENSE AGREEMENTS, NOTICES OR TERMS
AND CONDITIONS.
IT IS YOUR OBLIGATION TO READ AND ACCEPT ALL SUCH TERMS AND CONDITIONS
PRIOR TO USE OF THE CONTENT.  If no About, Feature License or
Feature Update License is provided, please
contact Chase Technology Ltd to determine what terms and conditions
govern that particular Content.
Cryptography
Content may contain encryption software. The country in which
you are currently may have restrictions on the import, possession,
and use, and/or re-export to
another country, of encryption software. BEFORE using any encryption
software, please check the country&apos;s laws, regulations and policies
concerning the import,
possession, or use, and re-export of encryption software, to
see if this is permitted.
   </license>

   <url>
      <update label="Chase Technology" url="http://www.chasetechnology.co.uk/eclipse/updates"/>
      <discovery label="Chase Technology" url="http://www.chasetechnology.co.uk/eclipse/updates"/>
   </url>

   <requires>
      <import plugin="org.eclipse.core.runtime.compatibility"/>
      <import plugin="org.eclipse.ui.ide"/>
      <import plugin="org.eclipse.jface.text"/>
      <import plugin="org.eclipse.ui.editors"/>
      <import plugin="org.eclipse.core.resources"/>
      <import plugin="org.eclipse.ui"/>
      <import plugin="org.eclipse.ui.workbench.texteditor"/>
      <import plugin="org.eclipse.compare"/>
      <import plugin="org.eclipse.debug.core"/>
   </requires>

   <plugin
         id="com.something.eclipse.script"
         download-size="0"
         install-size="0"
         version="1.0.7"/>

   <plugin
         id="com.something.eclipse.shelled"
         download-size="0"
         install-size="0"
         version="1.0.4"/>

   <plugin
         id="com.something.eclipse.shelled.resources"
         download-size="0"
         install-size="0"
         version="1.0.4"/>

   <plugin
         id="com.something.eclipse.shelled.ui"
         download-size="0"
         install-size="0"
         version="1.0.5"/>

</feature>
