<?xml version="1.0" encoding="UTF-8"?><site>	<description>To install these features, point Eclipse at this site.</description>

	<!-- ShellEd 2.0.0 S201001211847 -->
	<category-def label="ShellEd 2.0.0 S201001211847" name="ShellEd 2.0.0 S201001211847">
		<description>ShellEd 2.0.0 S201001211847: contains all features in this build.</description>
	</category-def>
	<feature id="net.sourceforge.shelled" version="2.0.0.v201001211847-1--8s735335755JBH" url="features/net.sourceforge.shelled_2.0.0.v201001211847-1--8s735335755JBH.jar" patch="false">
		<category name="ShellEd 2.0.0 S201001211847"/>
	</feature>

</site>
